name,mass,height,area
01,42.8,1.63,0.32039039099337285
02,55.9,1.79,0.4168744661347049
03,54.5,1.7,0.39492082473086865
04,70.0,1.92,0.4794051755718724
